[{"DocumentTypeId":"GlassIndustry.Invoice.Services","Keywords":[{"Values":["invoice #"],"NumberOfTimesConfirmed":1,"LastUpdated":"2020-05-23T20:25:53.6377351+05:30"},{"Values":["due date"],"NumberOfTimesConfirmed":1,"LastUpdated":"2020-05-23T20:25:53.6387348+05:30"},{"Values":["total"],"NumberOfTimesConfirmed":1,"LastUpdated":"2020-05-23T20:25:53.6387348+05:30"},{"Values":["tiefland","glass ag","invoice"],"NumberOfTimesConfirmed":1,"LastUpdated":"2020-07-01T11:49:08.6413827+05:30"},{"Values":["amount"],"NumberOfTimesConfirmed":1,"LastUpdated":"2020-07-01T11:57:39.9895594+05:30"}]}]
