﻿{
  "DataContractVersion": "1.0",
  "DocumentTypes": [
    {
      "DocumentTypeId": "GlassIndustry.Invoice.Services",
      "Group": "GlassIndustry",
      "Category": "Invoice",
      "Name": "Services",
      "OptionalUniqueIdentifier": null,
      "TypeField": {
        "FieldId": "GlassIndustry.Invoice.Services.DocumentType",
        "FieldName": "Document Type"
      },
      "Fields": [
        {
          "FieldId": "GlassIndustry.Invoice.Services.Invoice#",
          "FieldName": "Invoice #",
          "IsMultiValue": false,
          "Type": "Number",
          "DeriveFieldsFormat": "",
          "Components": [],
          "SetValues": []
        },
        {
          "FieldId": "GlassIndustry.Invoice.Services.DueDate",
          "FieldName": "Due Date",
          "IsMultiValue": false,
          "Type": "Date",
          "DeriveFieldsFormat": "",
          "Components": [],
          "SetValues": []
        },
        {
          "FieldId": "GlassIndustry.Invoice.Services.Total",
          "FieldName": "Total",
          "IsMultiValue": false,
          "Type": "Number",
          "DeriveFieldsFormat": "",
          "Components": [],
          "SetValues": []
        }
      ]
    }
  ],
  "Groups": [
    {
      "Name": "GlassIndustry",
      "Categories": [
        "Invoice"
      ]
    }
  ],
  "SupportedLanguages": [
    {
      "Name": "Undetermined Language",
      "Code": "und"
    },
    {
      "Name": "Bulgarian",
      "Code": "bul"
    },
    {
      "Name": "Cantonese",
      "Code": "yue"
    },
    {
      "Name": "Danish",
      "Code": "dan"
    },
    {
      "Name": "Dutch",
      "Code": "nld"
    },
    {
      "Name": "English",
      "Code": "eng"
    },
    {
      "Name": "French",
      "Code": "fra"
    },
    {
      "Name": "Georgian",
      "Code": "kat"
    },
    {
      "Name": "German",
      "Code": "deu"
    },
    {
      "Name": "Greek",
      "Code": "ell"
    },
    {
      "Name": "Hebrew",
      "Code": "heb"
    },
    {
      "Name": "Hindi",
      "Code": "hin"
    },
    {
      "Name": "Italian",
      "Code": "ita"
    },
    {
      "Name": "Japanese",
      "Code": "jpn"
    },
    {
      "Name": "Korean",
      "Code": "kor"
    },
    {
      "Name": "Macedonian",
      "Code": "mkd"
    },
    {
      "Name": "Mandarin",
      "Code": "zho"
    },
    {
      "Name": "Marathi",
      "Code": "mar"
    },
    {
      "Name": "Norwegian",
      "Code": "nor"
    },
    {
      "Name": "Polish",
      "Code": "pol"
    },
    {
      "Name": "Portuguese",
      "Code": "por"
    },
    {
      "Name": "Romanian",
      "Code": "ron"
    },
    {
      "Name": "Russian",
      "Code": "rus"
    },
    {
      "Name": "Serbian",
      "Code": "srp"
    },
    {
      "Name": "Spanish",
      "Code": "spa"
    },
    {
      "Name": "Swedish",
      "Code": "swe"
    },
    {
      "Name": "Telugu",
      "Code": "tel"
    }
  ]
}