{"ProjectBreakpoints":"{\"Value\":{\"Regex Based.xaml\":[{\"ConditionalExpression\":null,\"ActionExpression\":null,\"ExpectedHitCounter\":null,\"ShouldContinueAfterAction\":false,\"IsEnabled\":true,\"ActivityIdRef\":\"ForEach`1_2\",\"ActivityId\":\"1.3\",\"ActivityName\":\"For Each\"}],\"ML Based.xaml\":[{\"ConditionalExpression\":null,\"ActionExpression\":null,\"ExpectedHitCounter\":null,\"ShouldContinueAfterAction\":false,\"IsEnabled\":true,\"ActivityIdRef\":\"PresentClassificationStation_1\",\"ActivityId\":\"1.73\",\"ActivityName\":\"Present Classification Station\"}]}}","OpenedDocuments":"[]","ProjectWatches":"{\"Value\":[]}"}